{"Hyperparameters": {"batch_size": 512, "embedding_size": 200, "lstm_units": 64}, "Test Loss": 0.5389339923858643, "Test Accuracy": 0.8460000157356262}